City_ID,City,Country,Date,Lat,Lng,Max Temp,Humidity,Cloudiness,Wind Speed
0,Ushuaia,AR,2021-04-08 01:56:50,-54.8,-68.3,46.4,87,75,3.44
1,Atuona,PF,2021-04-08 01:56:50,-9.8,-139.0333,80.83,73,7,14.45
2,Hajnowka,PL,2021-04-08 01:56:11,52.7433,23.5812,28.99,81,98,3.0
3,Yellowknife,CA,2021-04-08 01:56:51,62.456,-114.3525,17.6,86,90,11.5
4,Lethem,GY,2021-04-08 01:56:51,3.3803,-59.7968,74.62,90,100,6.55
5,Albany,US,2021-04-08 01:52:36,42.6001,-73.9662,57.2,58,20,9.22
6,Guerrero Negro,MX,2021-04-08 01:52:44,27.9769,-114.0611,64.04,74,13,14.76
7,Trincomalee,LK,2021-04-08 01:56:52,8.5711,81.2335,78.62,80,55,5.5
8,Port Elizabeth,ZA,2021-04-08 01:56:52,-33.918,25.5701,60.8,100,20,5.75
9,Sorland,NO,2021-04-08 01:56:53,67.667,12.6934,32.88,51,100,17.78
10,Machacamarca,BO,2021-04-08 01:56:53,-18.1667,-67.0333,53.49,44,100,4.7
11,New Norfolk,AU,2021-04-08 01:56:53,-42.7826,147.0587,73.0,29,100,5.01
12,Belyy Yar,RU,2021-04-08 01:56:54,53.6039,91.3903,39.2,65,0,8.95
13,Hobart,AU,2021-04-08 01:51:57,-42.8794,147.3294,73.0,40,0,5.75
14,Hilo,US,2021-04-08 01:56:54,19.7297,-155.09,77.0,57,20,12.66
15,Rikitea,PF,2021-04-08 01:56:55,-23.1203,-134.9692,77.27,61,0,7.9
16,Hithadhoo,MV,2021-04-08 01:56:55,-0.6,73.0833,83.17,64,56,10.42
17,Dikson,RU,2021-04-08 01:56:56,73.5069,80.5464,9.68,78,100,6.06
18,Anaco,VE,2021-04-08 01:56:56,9.4389,-64.4728,81.28,64,89,9.8
19,Namie,JP,2021-04-08 01:56:57,37.4833,141.0,61.0,28,80,1.99
20,Ampanihy,MG,2021-04-08 01:56:57,-24.7,44.75,67.23,87,2,6.67
21,Nevsehir,TR,2021-04-08 01:56:57,38.9167,34.6667,44.6,49,0,6.91
22,Cape Town,ZA,2021-04-08 01:52:50,-33.9258,18.4232,63.0,88,0,12.66
23,Furmanov,RU,2021-04-08 01:56:58,57.2508,41.1058,33.8,93,90,8.95
24,Mataura,NZ,2021-04-08 01:56:59,-46.1927,168.8643,66.99,59,9,1.01
25,Moose Factory,CA,2021-04-08 01:56:59,51.2585,-80.6094,35.6,80,90,3.44
26,Nikolskoye,RU,2021-04-08 01:56:59,59.7035,30.7861,30.0,93,0,6.71
27,Tiksi,RU,2021-04-08 01:57:00,71.6872,128.8694,-0.9,90,100,3.69
28,Butaritari,KI,2021-04-08 01:57:00,3.0707,172.7902,81.46,78,100,13.8
29,Severo-Kurilsk,RU,2021-04-08 01:57:01,50.6789,156.125,31.69,89,100,51.0
30,Vaini,TO,2021-04-08 01:57:01,-21.2,-175.2,80.6,69,20,9.22
31,Hasaki,JP,2021-04-08 01:57:01,35.7333,140.8333,60.8,72,75,5.75
32,Talikota,IN,2021-04-08 01:57:02,16.4833,76.3167,86.63,33,83,9.71
33,Donskoye,RU,2021-04-08 01:57:02,45.4552,41.9741,51.8,62,0,6.71
34,Mokhsogollokh,RU,2021-04-08 01:57:03,61.4681,128.9203,18.61,72,87,7.94
35,Kodiak,US,2021-04-08 01:57:03,57.79,-152.4072,35.6,80,90,6.91
36,Bredasdorp,ZA,2021-04-08 01:57:03,-34.5322,20.0403,57.2,100,87,2.3
37,Coquimbo,CL,2021-04-08 01:57:04,-29.9533,-71.3436,60.8,88,90,3.44
38,Nanortalik,GL,2021-04-08 01:57:04,60.1432,-45.2371,35.69,86,100,3.83
39,Redlands,US,2021-04-08 01:54:58,34.0556,-117.1825,78.8,31,75,12.66
40,Ponta Do Sol,PT,2021-04-08 01:57:05,32.6667,-17.1,62.01,79,100,3.0
41,Bethel,US,2021-04-08 01:57:05,41.3712,-73.414,53.01,66,99,5.39
42,Tezu,IN,2021-04-08 01:57:06,27.9167,96.1667,81.09,31,92,2.44
43,Punta Arenas,CL,2021-04-08 01:56:29,-53.15,-70.9167,48.2,76,40,9.22
44,Nouakchott,MR,2021-04-08 01:57:06,18.0858,-15.9785,71.6,78,0,17.27
45,Arlit,NE,2021-04-08 01:57:07,18.7369,7.3853,81.23,7,39,8.43
46,Santa Cruz,BO,2021-04-08 01:54:35,-17.8,-63.1667,77.0,83,7,3.44
47,Shingu,JP,2021-04-08 01:57:07,33.7333,135.9833,62.6,42,75,3.44
48,Cangzhou,CN,2021-04-08 01:57:08,38.3167,116.8667,58.62,17,0,5.88
49,Katsuura,JP,2021-04-08 01:57:08,35.1333,140.3,60.8,48,75,8.05
50,Estreito,BR,2021-04-08 01:57:08,-5.7833,-43.25,73.89,72,100,0.72
51,Vikhorevka,RU,2021-04-08 01:57:09,56.1201,101.1636,32.0,100,90,8.95
52,Rio Grande,BR,2021-04-08 01:57:09,-32.035,-52.0986,72.0,86,3,4.0
53,Adrar,MR,2021-04-08 01:57:10,20.5022,-10.0711,75.11,22,3,10.76
54,Bluff,NZ,2021-04-08 01:57:10,-46.6,168.3333,66.99,59,17,1.01
55,Seymchan,RU,2021-04-08 01:57:11,62.8833,152.4333,8.76,77,41,3.98
56,Arraial Do Cabo,BR,2021-04-08 01:57:07,-22.9661,-42.0278,75.99,63,29,13.09
57,Umm Lajj,SA,2021-04-08 01:57:11,25.0213,37.2685,78.55,46,0,6.98
58,Mount Isa,AU,2021-04-08 01:57:12,-20.7333,139.5,91.4,25,54,8.05
59,Kruisfontein,ZA,2021-04-08 01:57:12,-34.0033,24.7314,59.0,94,27,1.01
60,Luanda,AO,2021-04-08 01:57:12,-8.8368,13.2343,73.4,94,75,6.91
61,Ulladulla,AU,2021-04-08 01:57:13,-35.35,150.4667,77.0,57,40,5.75
62,Creel,MX,2021-04-08 01:57:13,27.75,-107.6333,55.29,28,17,7.78
63,Tecoanapa,MX,2021-04-08 01:57:14,16.5167,-98.75,79.65,70,0,7.34
64,Roebourne,AU,2021-04-08 01:57:14,-20.7833,117.1333,88.77,47,20,12.3
65,Kieta,PG,2021-04-08 01:57:14,-6.2167,155.6333,78.51,90,100,10.65
66,Puerto Ayora,EC,2021-04-08 01:57:15,-0.7393,-90.3518,76.64,84,30,4.47
67,Kavieng,PG,2021-04-08 01:57:15,-2.5744,150.7967,80.29,75,100,18.54
68,Castro,BR,2021-04-08 01:57:16,-24.7911,-50.0119,57.22,96,9,9.73
69,Nioro,GM,2021-04-08 01:57:16,13.35,-15.75,77.76,45,2,5.35
70,Bay Roberts,CA,2021-04-08 01:57:16,47.5999,-53.2648,37.0,100,79,3.0
71,Weihe,CN,2021-04-08 01:57:17,32.9952,105.3247,49.03,84,100,3.06
72,Boshnyakovo,RU,2021-04-08 01:57:18,49.6333,142.1667,33.15,58,100,8.7
73,Torbay,CA,2021-04-08 01:57:18,47.6666,-52.7314,37.0,100,90,12.66
74,Kapaa,US,2021-04-08 01:57:18,22.0752,-159.319,75.2,64,75,19.57
75,Aklavik,CA,2021-04-08 01:57:19,68.2191,-135.0107,8.6,47,40,3.44
76,Barinas,VE,2021-04-08 01:57:19,8.6226,-70.2075,77.0,100,93,1.14
77,San Cristobal,VE,2021-04-08 01:57:20,7.7669,-72.225,78.8,94,40,3.44
78,Dullewala,PK,2021-04-08 01:57:20,31.8359,71.4362,70.12,34,2,5.97
79,Chuy,UY,2021-04-08 01:57:20,-33.6971,-53.4616,69.55,83,0,12.75
80,Valky,UA,2021-04-08 01:57:21,49.8387,35.6207,37.4,75,90,15.66
81,Laguna,US,2021-04-08 01:57:21,38.421,-121.4238,62.01,48,11,5.01
82,Kapit,MY,2021-04-08 01:57:21,2.0167,112.9333,80.92,78,100,0.96
83,Tarrafal,CV,2021-04-08 01:57:22,15.2833,-23.7667,73.4,46,0,17.27
84,Havelock,US,2021-04-08 01:57:22,34.8791,-76.9013,69.8,43,1,5.14
85,Aguimes,ES,2021-04-08 01:57:23,27.9054,-15.4461,66.0,72,20,3.44
86,Houma,US,2021-04-08 01:54:47,29.5958,-90.7195,73.99,88,90,13.8
87,Bonthe,SL,2021-04-08 01:57:23,7.5264,-12.505,78.96,87,88,5.28
88,Mar Del Plata,AR,2021-04-08 01:56:55,-38.0023,-57.5575,70.0,88,4,6.91
89,Busselton,AU,2021-04-08 01:57:24,-33.65,115.3333,64.0,77,24,5.01
90,Tasiilaq,GL,2021-04-08 01:57:24,65.6145,-37.6368,14.0,62,12,5.75
91,Metro,ID,2021-04-08 01:57:25,-5.1131,105.3067,81.46,72,94,5.77
92,Hermanus,ZA,2021-04-08 01:57:25,-34.4187,19.2345,59.0,91,85,6.24
93,Itupiranga,BR,2021-04-08 01:57:25,-5.1347,-49.3267,75.36,90,100,3.2
94,Kafanchan,NG,2021-04-08 01:57:26,9.5833,8.3,76.82,36,74,2.44
95,Makakilo City,US,2021-04-08 01:57:19,21.3469,-158.0858,78.8,53,75,13.8
96,Cairns,AU,2021-04-08 01:52:38,-16.9167,145.7667,87.8,62,40,6.91
97,Jodhpur,IN,2021-04-08 01:57:26,26.2867,73.03,76.62,17,0,6.33
98,Lompoc,US,2021-04-08 01:57:27,34.6391,-120.4579,59.0,63,59,12.66
99,Newala,TZ,2021-04-08 01:57:27,-10.9431,39.2787,62.47,95,14,2.55
100,Izumo,JP,2021-04-08 01:57:28,35.3667,132.7667,60.8,55,75,6.91
101,Jamestown,US,2021-04-08 01:57:28,42.097,-79.2353,62.6,59,1,8.05
102,Hambantota,LK,2021-04-08 01:57:29,6.1241,81.1185,73.4,100,20,2.3
103,Ghanzi,BW,2021-04-08 01:57:29,-21.5667,21.7833,63.21,57,25,7.52
104,Avarua,CK,2021-04-08 01:57:29,-21.2078,-159.775,82.4,69,75,9.22
105,Victoria,HK,2021-04-08 01:56:40,22.2855,114.1577,75.0,77,90,1.99
106,Slave Lake,CA,2021-04-08 01:57:30,55.2834,-114.769,39.2,75,90,10.36
107,Ancud,CL,2021-04-08 01:57:30,-41.8697,-73.8203,54.0,88,100,8.99
108,Geraldton,AU,2021-04-08 01:57:31,-28.7667,114.6,73.4,68,94,17.27
109,Vila Velha,BR,2021-04-08 01:56:58,-20.3297,-40.2925,69.8,94,20,3.44
110,Alofi,NU,2021-04-08 01:57:31,-19.0595,-169.9187,82.4,69,40,8.05
111,Saskylakh,RU,2021-04-08 01:57:32,71.9167,114.0833,7.45,93,100,7.43
112,Druzhba,UA,2021-04-08 01:57:32,52.0428,33.9453,31.91,93,98,11.61
113,Roald,NO,2021-04-08 01:57:32,62.5833,6.1333,32.0,86,75,10.36
114,Somerville,US,2021-04-08 01:55:07,42.3876,-71.0995,51.01,76,75,3.4
115,Pevek,RU,2021-04-08 01:57:33,69.7008,170.3133,-12.15,92,81,4.03
116,Zatyshshya,UA,2021-04-08 01:57:34,47.3335,29.8733,31.01,74,80,6.69
117,Saldanha,ZA,2021-04-08 01:57:34,-33.0117,17.9442,62.1,91,4,17.47
118,Mahebourg,MU,2021-04-08 01:57:34,-20.4081,57.7,77.0,88,75,9.22
119,Cahul,MD,2021-04-08 01:57:35,45.9075,28.1944,33.94,76,96,3.15
120,Bathsheba,BB,2021-04-08 01:57:35,13.2167,-59.5167,78.8,65,20,10.36
121,Souillac,MU,2021-04-08 01:57:35,-20.5167,57.5167,77.0,88,75,9.22
122,Luderitz,NA,2021-04-08 01:57:36,-26.6481,15.1594,68.41,53,0,8.41
123,Edd,ER,2021-04-08 01:57:36,13.9297,41.6925,85.87,23,28,16.84
124,Naze,JP,2021-04-08 01:57:37,28.3667,129.4833,71.6,53,75,11.5
125,Stornoway,GB,2021-04-08 01:57:37,58.2093,-6.3865,44.6,93,75,18.41
126,Provideniya,RU,2021-04-08 01:57:38,64.3833,-173.3,6.8,61,0,6.71
127,Halifax,CA,2021-04-08 01:57:38,44.6453,-63.5724,44.6,87,100,10.36
128,Kargasok,RU,2021-04-08 01:57:38,59.0556,80.8572,32.09,93,100,6.78
129,Zapadnaya Dvina,RU,2021-04-08 01:57:39,56.259,32.0745,29.97,87,100,6.35
130,Thompson,CA,2021-04-08 01:57:39,55.7435,-97.8558,41.0,52,40,8.05
131,Lebu,CL,2021-04-08 01:57:40,-37.6167,-73.65,54.18,91,22,5.84
132,Havoysund,NO,2021-04-08 01:57:40,70.9963,24.6622,30.2,80,75,10.36
133,East London,ZA,2021-04-08 01:57:40,-33.0153,27.9116,65.12,78,55,10.0
134,Luanshya,ZM,2021-04-08 01:57:41,-13.1367,28.4166,54.03,93,40,4.12
135,Boras,SE,2021-04-08 01:57:41,57.721,12.9401,30.2,86,0,4.61
136,Genhe,CN,2021-04-08 01:57:42,50.7833,121.5167,43.7,34,9,1.43
137,Kirakira,SB,2021-04-08 01:57:42,-10.4544,161.9205,84.4,69,100,11.16
138,Waipawa,NZ,2021-04-08 01:57:42,-41.4122,175.5153,69.8,60,2,17.27
139,San Patricio,US,2021-04-08 01:57:43,28.017,-97.5169,75.2,88,75,11.5
140,Pringsewu,ID,2021-04-08 01:57:43,-5.3582,104.9744,83.59,61,92,2.04
141,Kamenka,RU,2021-04-08 01:57:44,51.3223,42.7678,47.16,94,79,10.36
142,Komsomolskiy,UZ,2021-04-08 01:57:44,40.4272,71.7189,51.8,50,0,2.3
143,Beloostrov,RU,2021-04-08 01:57:45,60.1512,30.0015,30.0,93,0,6.71
144,Kashi,CN,2021-04-08 01:57:45,39.4547,75.9797,42.8,81,40,4.47
145,Zhanaozen,KZ,2021-04-08 01:57:45,43.3,52.8,52.77,35,0,11.88
146,Cidreira,BR,2021-04-08 01:57:46,-30.1811,-50.2056,73.76,74,2,21.32
147,Isiro,CD,2021-04-08 01:57:46,2.7739,27.616,65.03,99,100,4.07
148,Georgetown,MY,2021-04-08 01:57:46,5.4112,100.3354,82.4,89,20,2.3
149,Santa Catalina,PH,2021-04-08 01:57:47,9.3337,122.8637,86.0,62,40,9.22
150,Barrow,US,2021-04-08 01:57:47,71.2906,-156.7887,-18.4,63,90,11.5
151,Carnarvon,AU,2021-04-08 01:57:48,-24.8667,113.6333,78.8,61,6,23.02
152,Fortuna,US,2021-04-08 01:57:48,40.5982,-124.1573,51.01,81,90,12.66
153,Wattegama,LK,2021-04-08 01:57:49,6.7989,81.4808,73.4,100,20,2.3
154,Padang,ID,2021-04-08 01:57:49,-0.9492,100.3543,80.6,89,20,1.14
155,Praia Da Vitoria,PT,2021-04-08 01:57:50,38.7333,-27.0667,59.0,77,40,15.08
156,Pisco,PE,2021-04-08 01:54:48,-13.7,-76.2167,69.01,83,0,19.57
157,Buloh Kasap,MY,2021-04-08 01:57:50,2.5536,102.764,77.0,94,20,3.44
158,Port Alfred,ZA,2021-04-08 01:57:50,-33.5906,26.891,66.65,86,91,10.16
159,Sangar,RU,2021-04-08 01:57:51,63.9242,127.4739,12.24,84,93,15.39
160,Vanavara,RU,2021-04-08 01:57:51,60.34,102.2797,31.77,89,100,6.4
161,Srednekolymsk,RU,2021-04-08 01:57:52,67.45,153.6833,11.08,72,82,2.84
162,Upernavik,GL,2021-04-08 01:57:52,72.7868,-56.1549,-1.55,85,98,6.67
163,Mahibadhoo,MV,2021-04-08 01:57:53,3.7833,72.9667,81.95,72,12,6.96
164,Sigli,ID,2021-04-08 01:57:53,5.3848,95.9609,81.09,74,100,1.72
165,San Carlos De Bariloche,AR,2021-04-08 01:57:53,-41.1456,-71.3082,50.0,71,75,9.22
166,Menongue,AO,2021-04-08 01:57:54,-14.6585,17.691,61.57,69,34,1.3
167,Karratha,AU,2021-04-08 01:57:54,-20.7377,116.8463,89.15,47,14,14.14
168,Epernay,FR,2021-04-08 01:56:24,49.05,3.95,35.6,87,0,2.33
169,Bar Harbor,US,2021-04-08 01:57:55,44.3876,-68.2039,51.8,76,90,9.22
170,Bilma,NE,2021-04-08 01:57:55,18.6853,12.9164,80.94,6,45,4.81
171,Paita,PE,2021-04-08 01:57:56,-5.0892,-81.1144,73.08,75,98,13.62
172,Anadyr,RU,2021-04-08 01:57:56,64.75,177.4833,-7.01,84,0,8.95
173,Tuxpan,MX,2021-04-08 01:57:57,19.55,-103.4,64.53,56,0,3.65
174,San Miguelito,PA,2021-04-08 01:57:57,9.0333,-79.5,82.4,83,40,8.05
175,Puerto Escondido,MX,2021-04-08 01:57:58,15.85,-97.0667,80.64,73,58,8.1
176,Nago,JP,2021-04-08 01:57:58,26.5881,127.9761,73.4,56,1,8.05
177,Firminy,FR,2021-04-08 01:57:58,45.3873,4.2907,23.0,80,0,1.14
178,Atambua,ID,2021-04-08 01:57:59,-9.1061,124.8925,80.19,75,92,1.45
179,Yibin,CN,2021-04-08 01:57:59,28.7667,104.6238,66.63,63,99,2.46
180,Raudeberg,NO,2021-04-08 01:57:59,61.9875,5.1352,30.99,86,100,8.55
181,Shahr-E Babak,IR,2021-04-08 01:58:00,30.1165,55.1186,56.39,13,65,5.88
182,Pangnirtung,CA,2021-04-08 01:58:00,66.1451,-65.7125,29.82,95,100,9.28
183,Taywarah,AF,2021-04-08 01:58:01,33.35,64.4167,38.05,45,0,5.08
184,Abalak,RU,2021-04-08 01:58:01,58.1286,68.5944,33.28,88,82,7.23
185,Qaanaaq,GL,2021-04-08 01:58:01,77.484,-69.3632,2.43,68,100,8.14
186,Norman Wells,CA,2021-04-08 01:58:02,65.282,-126.8329,10.4,52,20,10.36
187,Yar-Sale,RU,2021-04-08 01:58:02,66.8333,70.8333,15.49,100,100,3.58
188,Saint-Pierre,RE,2021-04-08 01:58:03,-21.3393,55.4781,78.8,73,20,6.91
189,Saint-Philippe,RE,2021-04-08 01:58:03,-21.3585,55.7679,78.8,73,20,6.91
190,Shelburne,CA,2021-04-08 01:58:04,44.0787,-80.2041,52.0,47,22,9.55
191,Los Llanos De Aridane,ES,2021-04-08 01:58:04,28.6585,-17.9182,68.0,88,40,5.75
192,Hulyaypole,UA,2021-04-08 01:58:04,47.6653,36.2578,39.16,73,100,11.95
193,Qaqortoq,GL,2021-04-08 01:58:05,60.7167,-46.0333,35.6,64,75,1.14
194,Butembo,CD,2021-04-08 01:58:05,0.15,29.2833,57.31,95,93,3.44
195,Lorengau,PG,2021-04-08 01:58:05,-2.0226,147.2712,81.01,84,100,13.27
196,College,US,2021-04-08 01:58:06,64.8569,-147.8028,19.4,38,40,2.3
197,Itarema,BR,2021-04-08 01:58:06,-2.9248,-39.9167,80.51,81,96,13.91
198,La Mira,MX,2021-04-08 01:58:07,18.035,-102.3266,74.59,67,0,5.93
199,Springfield,US,2021-04-08 01:54:53,37.2153,-93.2982,53.01,69,1,11.01
200,Nisia Floresta,BR,2021-04-08 01:58:07,-6.0911,-35.2086,78.8,89,40,8.05
201,Salalah,OM,2021-04-08 01:58:08,17.0151,54.0924,75.2,50,0,4.61
202,Beloha,MG,2021-04-08 01:58:08,-25.1667,45.05,69.85,88,1,11.65
203,Sokoni,TZ,2021-04-08 01:58:08,-6.4333,39.55,77.63,87,91,17.78
204,Fort Nelson,CA,2021-04-08 01:58:09,58.8053,-122.7002,17.6,79,90,8.05
205,Oda,JP,2021-04-08 01:58:09,35.1833,132.5,60.8,55,75,6.91
206,Biak,ID,2021-04-08 01:58:10,-0.9131,122.8766,77.68,84,100,3.04
207,Lagoa,PT,2021-04-08 01:58:10,39.05,-27.9833,59.18,91,29,21.0
208,Dingle,PH,2021-04-08 01:58:10,10.9995,122.6711,85.5,60,100,9.42
209,Yerbogachen,RU,2021-04-08 01:58:11,61.2767,108.0108,33.67,91,66,10.27
210,Tuy Hoa,VN,2021-04-08 01:58:11,13.0833,109.3,83.62,64,52,5.53
211,Baykalsk,RU,2021-04-08 01:58:11,51.5058,104.1469,36.79,97,97,2.51
212,Corpus Christi,US,2021-04-08 01:58:12,27.8006,-97.3964,75.2,88,75,11.5
213,Wageningen,NL,2021-04-08 01:58:12,51.9667,5.6667,36.0,93,40,5.75
214,Kalmunai,LK,2021-04-08 01:58:13,7.4167,81.8167,78.6,80,76,4.76
215,Ostrovnoy,RU,2021-04-08 01:58:13,68.0531,39.5131,31.1,86,100,11.63
216,Sao Filipe,CV,2021-04-08 01:58:13,14.8961,-24.4956,74.43,66,53,8.75
217,Calama,CL,2021-04-08 01:58:14,-22.4667,-68.9333,59.0,21,0,5.75
218,Sistranda,NO,2021-04-08 01:58:14,63.7256,8.834,30.2,93,75,17.27
219,Ilulissat,GL,2021-04-08 01:58:15,69.2167,-51.1,17.6,62,75,2.3
220,Saint-Augustin,CA,2021-04-08 01:58:15,51.226,-58.6502,33.19,91,20,6.89
221,Falam,MM,2021-04-08 01:58:15,22.9167,93.6833,75.42,32,0,0.56
222,Lasa,IT,2021-04-08 01:58:16,46.6166,10.7002,27.0,86,75,3.44
223,Nelidovo,RU,2021-04-08 01:58:08,56.2211,32.7774,29.97,87,100,7.2
224,Gushikawa,JP,2021-04-08 01:58:16,26.3544,127.8686,73.4,56,1,8.05
225,Sola,VU,2021-04-08 01:58:17,-13.8833,167.55,82.62,66,29,3.96
226,Carballo,ES,2021-04-08 01:58:17,43.213,-8.691,48.99,76,0,1.14
227,Camaqua,BR,2021-04-08 01:58:18,-30.8511,-51.8122,70.21,76,0,10.85
228,Ginir,ET,2021-04-08 01:58:18,7.1333,40.7,58.01,70,6,2.77
229,Narsaq,GL,2021-04-08 01:58:18,60.9167,-46.05,35.6,64,75,1.14
230,Tumut,AU,2021-04-08 01:58:19,-35.3,148.2167,75.2,60,0,5.75
231,Port Blair,IN,2021-04-08 01:58:19,11.6667,92.75,83.41,68,56,1.25
232,Singkang,MY,2021-04-08 01:58:20,2.1006,102.7994,77.0,94,20,3.44
233,Oskemen,KZ,2021-04-08 01:58:20,49.9565,82.6119,33.8,100,75,2.24
234,Tocopilla,CL,2021-04-08 01:58:21,-22.092,-70.1979,69.6,74,23,9.44
235,Kaeo,NZ,2021-04-08 01:58:21,-35.1,173.7833,69.76,65,60,6.51
236,Coahuayana,MX,2021-04-08 01:58:21,18.7333,-103.6833,71.13,77,0,2.13
237,Tuktoyaktuk,CA,2021-04-08 01:58:22,69.4541,-133.0374,-5.8,77,20,6.91
238,Bambous Virieux,MU,2021-04-08 01:58:22,-20.3428,57.7575,79.0,88,75,9.22
239,Iqaluit,CA,2021-04-08 01:58:22,63.7506,-68.5145,32.0,100,90,28.77
240,Cherskiy,RU,2021-04-08 01:58:23,68.75,161.3,1.67,84,100,3.8
241,Samarai,PG,2021-04-08 01:58:23,-10.6167,150.6667,83.14,73,100,5.14
242,Cayenne,GF,2021-04-08 01:58:24,4.9333,-52.3333,75.2,100,75,1.14
243,Miri,MY,2021-04-08 01:58:24,4.4148,114.0089,80.6,83,40,6.91
244,Flin Flon,CA,2021-04-08 01:58:25,54.7682,-101.865,40.03,90,94,14.25
245,Kahului,US,2021-04-08 01:58:25,20.8947,-156.47,78.8,53,40,21.85
246,Jambi,ID,2021-04-08 01:58:25,-1.6,103.6167,78.93,85,100,5.79
247,Itoman,JP,2021-04-08 01:58:26,26.1247,127.6694,73.0,56,40,9.22
248,Zaysan,KZ,2021-04-08 01:58:26,47.4667,84.8667,48.2,61,10,3.18
249,Chokurdakh,RU,2021-04-08 01:58:26,70.6333,147.9167,1.33,84,30,3.53
250,Hay River,CA,2021-04-08 01:58:27,60.8156,-115.7999,19.4,93,100,10.36
251,Port Hardy,CA,2021-04-08 01:58:27,50.6996,-127.4199,42.8,87,75,8.05
252,Chumikan,RU,2021-04-08 01:58:28,54.7183,135.315,26.67,91,100,10.6
253,Prince Rupert,CA,2021-04-08 01:57:24,54.3161,-130.3201,42.8,65,20,9.22
254,Sao Joao Da Barra,BR,2021-04-08 01:58:28,-21.6403,-41.0511,71.44,79,13,2.91
255,Caravelas,BR,2021-04-08 01:58:29,-17.7125,-39.2481,73.36,87,100,9.91
256,Ust-Nera,RU,2021-04-08 01:58:29,64.5667,143.2,11.98,85,100,4.09
257,Mana,GF,2021-04-08 01:58:29,5.6592,-53.7767,75.43,92,100,5.82
258,Kjollefjord,NO,2021-04-08 01:58:30,70.9457,27.3465,27.37,81,66,11.23
259,Meleuz,RU,2021-04-08 01:58:30,52.9667,55.9167,33.22,98,100,4.43
260,Tela,HN,2021-04-08 01:58:31,15.7833,-87.45,79.0,88,75,4.61
261,Leningradskiy,RU,2021-04-08 01:58:31,69.3833,178.4167,-5.4,89,76,9.66
262,North Bend,US,2021-04-08 01:58:31,43.4065,-124.2243,50.0,81,90,11.5
263,Dawlatabad,AF,2021-04-08 01:58:32,36.4141,64.9053,59.85,42,0,2.98
264,Emba,KZ,2021-04-08 01:58:32,48.8264,58.1442,37.87,86,100,1.36
265,Toowoomba,AU,2021-04-08 01:58:32,-27.55,151.9667,75.99,64,40,8.05
266,Mayya,RU,2021-04-08 01:58:33,61.7333,130.2811,8.6,56,0,6.71
267,Zherdevka,RU,2021-04-08 01:58:33,51.8486,41.4606,42.8,93,26,12.1
268,Cedar City,US,2021-04-08 01:58:33,37.6775,-113.0619,64.4,8,1,19.57
269,Khatanga,RU,2021-04-08 01:58:34,71.9667,102.5,-5.69,96,100,3.53
270,Brigantine,US,2021-04-08 01:58:34,39.4101,-74.3646,48.2,66,1,4.61
271,Vangaindrano,MG,2021-04-08 01:58:35,-23.35,47.6,70.34,85,18,3.0
272,Sobolevo,RU,2021-04-08 01:58:35,54.4299,31.8996,30.29,87,100,9.24
273,Maniitsoq,GL,2021-04-08 01:57:44,65.4167,-52.9,28.56,65,100,8.63
274,Mae Hong Son,TH,2021-04-08 01:58:36,19.3003,97.9685,75.2,83,40,2.3
275,Farafangana,MG,2021-04-08 01:58:36,-22.8167,47.8333,71.1,87,27,4.38
276,Khatassy,RU,2021-04-08 01:58:36,61.9036,129.6383,8.6,56,0,6.71
277,Catuday,PH,2021-04-08 01:58:37,16.2923,119.8062,81.55,67,8,6.04
278,Takoradi,GH,2021-04-08 01:58:37,4.8845,-1.7554,80.64,87,77,6.2
279,Pakala,IN,2021-04-08 01:58:38,13.4667,79.1167,78.8,78,20,11.5
280,Portland,US,2021-04-08 01:56:01,45.5234,-122.6762,51.01,74,100,1.01
281,Ptichye,RU,2021-04-08 01:58:38,45.5168,41.7115,51.8,62,0,6.71
282,Yichang,CN,2021-04-08 01:58:38,30.7144,111.2847,63.03,62,34,2.1
283,Kaitangata,NZ,2021-04-08 01:58:39,-46.2817,169.8464,62.01,69,38,11.01
284,Contai,IN,2021-04-08 01:58:39,21.7786,87.7536,83.08,70,0,17.85
285,Vestmannaeyjar,IS,2021-04-08 01:58:40,63.4427,-20.2734,31.68,86,100,18.7
286,Tamandare,BR,2021-04-08 01:58:40,-8.7597,-35.1047,77.86,81,100,7.34
287,Santo Tomas,PH,2021-04-08 01:58:41,14.1079,121.1414,86.0,62,20,6.91
288,Bosaso,SO,2021-04-08 01:58:41,11.2842,49.1816,76.41,52,1,8.05
289,Lazareni,RO,2021-04-08 01:58:41,46.8667,22.0667,25.0,93,5,5.75
290,Bagarji,PK,2021-04-08 01:58:42,27.756,68.7524,68.0,60,0,6.91
291,Hualmay,PE,2021-04-08 01:58:42,-11.0964,-77.6139,69.21,87,100,6.71
292,Touros,BR,2021-04-08 01:58:43,-5.1989,-35.4608,78.8,89,20,5.75
293,Lira,UG,2021-04-08 01:58:43,2.235,32.9097,64.33,87,86,2.98
294,Meulaboh,ID,2021-04-08 01:58:43,4.1363,96.1285,79.54,81,59,3.2
295,Half Moon Bay,US,2021-04-08 01:58:44,37.4636,-122.4286,55.4,76,90,11.5
296,Port Lincoln,AU,2021-04-08 01:58:44,-34.7333,135.8667,81.63,30,99,14.03
297,Kenai,US,2021-04-08 01:58:45,60.5544,-151.2583,28.0,63,90,12.66
298,Airai,TL,2021-04-08 01:58:45,-8.9266,125.4092,69.39,77,100,1.92
299,Longyearbyen,SJ,2021-04-08 01:58:46,78.2186,15.6401,23.0,86,90,16.11
300,Basco,PH,2021-04-08 01:58:46,20.4487,121.9702,73.96,73,100,14.29
301,Kolosovka,RU,2021-04-08 01:58:46,56.4678,73.611,29.03,93,19,3.27
302,Cabo San Lucas,MX,2021-04-08 01:58:47,22.8909,-109.9124,84.2,26,40,11.5
303,Skjervoy,NO,2021-04-08 01:58:47,70.0311,20.9714,32.9,67,100,13.42
304,Whitecourt,CA,2021-04-08 01:58:48,54.1502,-115.6855,44.6,45,75,10.36
305,Polunochnoye,RU,2021-04-08 01:58:48,60.8697,60.4153,32.32,99,100,2.3
306,Mitsamiouli,KM,2021-04-08 01:58:48,-11.3847,43.2844,81.0,75,7,7.43
307,Esperance,AU,2021-04-08 01:58:49,-33.8667,121.9,62.6,100,40,6.91
308,Ahuimanu,US,2021-04-08 01:58:49,21.4447,-157.8378,73.4,73,40,20.71
309,Clyde River,CA,2021-04-08 01:55:34,70.4692,-68.5914,8.6,92,90,4.61
310,Charters Towers,AU,2021-04-08 01:58:50,-20.1,146.2667,86.99,38,68,6.53
311,Eagle Pass,US,2021-04-08 01:58:50,28.7091,-100.4995,79.0,16,0,7.23
312,Coihaique,CL,2021-04-08 01:58:50,-45.5752,-72.0662,50.0,66,75,3.44
313,Nome,US,2021-04-08 01:58:51,64.5011,-165.4064,5.0,61,1,20.71
314,Aykhal,RU,2021-04-08 01:56:47,66.0,111.5,17.42,89,100,12.33
315,Bochil,MX,2021-04-08 01:58:51,16.9833,-92.9167,86.0,37,90,11.5
316,Wajima,JP,2021-04-08 01:58:52,37.4,136.9,51.8,54,75,6.91
317,Pryazha,RU,2021-04-08 01:58:52,61.6926,33.6216,32.0,100,100,4.47
318,Vila Franca Do Campo,PT,2021-04-08 01:58:52,37.7167,-25.4333,60.8,82,75,21.85
319,Trelew,AR,2021-04-08 01:57:13,-43.249,-65.3051,65.62,40,1,8.03
320,Khromtau,KZ,2021-04-08 01:58:53,50.2503,58.4347,31.23,92,30,6.93
321,Sao Jose Da Coroa Grande,BR,2021-04-08 01:58:53,-8.8978,-35.1478,78.3,79,100,7.9
322,Sitio Novo Do Tocantins,BR,2021-04-08 01:58:54,-5.5183,-47.4611,76.51,73,100,3.11
323,Sitka,US,2021-04-08 01:58:54,57.0531,-135.33,39.2,56,75,9.22
324,Quatre Cocos,MU,2021-04-08 01:58:55,-20.2078,57.7625,79.0,88,75,9.22
325,Kalabo,ZM,2021-04-08 01:58:55,-14.97,22.6814,63.25,68,26,5.86
326,Suhbaatar,MN,2021-04-08 01:58:55,50.2314,106.2078,52.93,28,83,5.88
327,Port Keats,AU,2021-04-08 01:58:56,-14.25,129.55,89.8,54,98,6.96
328,Sakakah,SA,2021-04-08 01:58:56,29.9697,40.2064,71.6,24,0,6.91
329,Poum,NC,2021-04-08 01:58:57,-20.2333,164.0167,80.13,75,82,23.6
330,Bousso,TD,2021-04-08 01:58:57,10.4795,16.7117,85.6,14,79,4.81
331,Maanas,PH,2021-04-08 01:58:57,8.8939,125.0308,82.0,84,99,3.0
332,Corn Island,NI,2021-04-08 01:58:58,12.1694,-83.0418,80.85,79,82,14.74
333,Klaksvik,FO,2021-04-08 01:58:58,62.2266,-6.589,35.6,100,90,18.41
334,Todos Santos,MX,2021-04-08 01:58:59,23.45,-110.2167,69.01,84,6,1.01
335,Alice Springs,AU,2021-04-08 01:58:59,-23.7,133.8833,84.2,23,0,9.22
336,Bose,IT,2021-04-08 01:58:59,45.4612,8.0137,39.0,38,0,4.56
337,Bartica,GY,2021-04-08 01:59:00,6.4,-58.6167,77.0,94,20,4.61
338,Buckeye,US,2021-04-08 01:59:00,33.3703,-112.5838,87.01,13,0,8.05
339,Aitape,PG,2021-04-08 01:59:01,-3.1374,142.3475,79.39,83,100,1.79
340,Bertoua,CM,2021-04-08 01:59:01,4.5833,13.6833,73.08,71,95,2.64
341,Jaru,BR,2021-04-08 01:59:02,-10.4389,-62.4664,74.26,93,100,0.6
342,Mwinilunga,ZM,2021-04-08 01:59:02,-11.7358,24.4293,59.47,96,100,3.58
343,Olafsvik,IS,2021-04-08 01:59:02,64.8945,-23.7142,27.9,73,100,41.85
344,La Maddalena,IT,2021-04-08 01:59:03,41.2142,9.4083,35.6,100,0,3.44
345,Morant Bay,JM,2021-04-08 01:59:03,17.8815,-76.4093,78.8,83,75,11.5
346,Labuhan,ID,2021-04-08 01:59:04,-6.8844,112.2051,83.25,76,100,11.41
347,Vilkaviskis,LT,2021-04-08 01:59:04,54.6517,23.0322,32.32,95,99,14.85
348,Vryburg,ZA,2021-04-08 01:59:04,-26.9566,24.7284,59.54,80,9,4.85
349,Dauphin,CA,2021-04-08 01:59:05,51.1494,-100.0502,57.2,30,1,17.27
350,Udachnyy,RU,2021-04-08 01:59:05,66.4167,112.4,18.09,89,100,13.51
351,Husavik,IS,2021-04-08 01:59:06,66.0449,-17.3389,23.0,80,90,16.11
352,Enterprise,US,2021-04-08 01:59:06,36.0252,-115.2419,84.2,5,75,8.05
353,Lavrentiya,RU,2021-04-08 01:59:07,65.5833,-171.0,-0.54,74,24,4.97
354,Nemuro,JP,2021-04-08 01:59:07,43.3236,145.575,46.4,46,20,10.36
355,Guaraniacu,BR,2021-04-08 01:59:07,-25.1008,-52.8781,62.91,74,43,4.88
356,Falmouth,GB,2021-04-08 01:59:08,50.1544,-5.0711,42.8,70,90,4.61
357,Ribeira Grande,PT,2021-04-08 01:59:08,38.5167,-28.7,60.4,90,52,22.19
358,Campos Novos,BR,2021-04-08 01:59:09,-27.4017,-51.225,57.67,91,41,7.99
359,Ketchikan,US,2021-04-08 01:59:09,55.3422,-131.6461,39.2,81,75,8.05
360,Saint-Denis,FR,2021-04-08 01:59:10,48.9167,2.3333,42.01,70,90,2.3
361,Linden,GY,2021-04-08 01:59:10,6.0,-58.3,77.0,94,20,4.61
362,La Ronge,CA,2021-04-08 01:59:11,55.1001,-105.2842,50.0,40,100,12.66
363,Faanui,PF,2021-04-08 01:59:11,-16.4833,-151.75,81.64,66,55,12.64
364,High Level,CA,2021-04-08 01:59:11,58.5169,-117.136,28.4,86,90,14.97
365,Uglekamensk,RU,2021-04-08 01:59:12,43.2172,133.2303,38.97,21,27,11.03
366,Vardo,NO,2021-04-08 01:59:12,70.3705,31.1107,32.58,73,76,2.08
367,Knysna,ZA,2021-04-08 01:59:12,-34.0363,23.0471,59.0,94,90,2.3
368,Shirokiy,RU,2021-04-08 01:59:13,49.758,129.523,34.68,38,20,15.46
369,Hispania,CO,2021-04-08 01:59:13,5.7993,-75.9072,60.8,100,90,2.3
370,Milverton,CA,2021-04-08 01:59:14,43.5668,-80.9164,54.0,55,92,5.99
371,Alcudia,ES,2021-04-08 01:59:14,39.8532,3.1214,41.0,74,2,1.99
372,Usinsk,RU,2021-04-08 01:59:14,65.9939,57.5281,28.9,94,99,6.4
373,Sept-Iles,CA,2021-04-08 01:59:15,50.2001,-66.3821,43.0,75,75,5.97
374,Verkhnyaya Inta,RU,2021-04-08 01:59:15,65.9811,60.3094,28.09,86,84,7.0
375,Kaduqli,SD,2021-04-08 01:59:16,11.0167,29.7167,80.62,10,13,6.98
376,Abu Samrah,SY,2021-04-08 01:59:16,35.3029,37.1841,60.96,37,99,5.95
377,Tuatapere,NZ,2021-04-08 01:59:16,-46.1333,167.6833,66.99,59,17,1.01
378,Tshikapa,CD,2021-04-08 01:59:17,-6.4167,20.8,69.37,96,100,2.26
379,Ushtobe,KZ,2021-04-08 01:59:17,45.2514,77.9838,50.38,68,42,8.28
380,Ozinki,RU,2021-04-08 01:59:18,51.1786,49.6769,39.81,83,98,12.95
381,Manyana,BW,2021-04-08 01:59:18,-23.4,21.7167,61.12,66,5,6.62
382,Kilindoni,TZ,2021-04-08 01:59:18,-7.9139,39.6668,78.67,80,94,10.89
383,Naifaru,MV,2021-04-08 01:59:19,5.4444,73.3657,82.44,72,29,8.7
384,Xining,CN,2021-04-08 01:59:19,36.6167,101.7667,45.12,61,24,0.63
385,Kamaishi,JP,2021-04-08 01:59:20,39.2667,141.8833,51.8,25,40,13.8
386,Nyurba,RU,2021-04-08 01:59:20,63.2842,118.3319,27.99,97,100,5.21
387,Kholmogory,RU,2021-04-08 01:59:20,64.2229,41.656,39.2,81,40,8.95
388,Dicabisagan,PH,2021-04-08 01:59:21,17.0818,122.4157,80.8,64,46,5.57
389,Zhengjiatun,CN,2021-04-08 01:59:21,43.5064,123.5064,48.72,13,0,8.7
390,Dioknisi,GE,2021-04-08 01:59:21,41.6293,42.3917,60.8,51,0,8.05
391,Saint-Georges,GD,2021-04-08 01:59:22,12.0564,-61.7485,78.8,89,75,8.05
392,Harper,LR,2021-04-08 01:59:22,4.375,-7.7169,79.38,87,43,5.39
393,Huancabamba,PE,2021-04-08 01:59:23,-5.2386,-79.4506,59.59,95,100,4.03
394,Lincoln,US,2021-04-08 01:59:23,40.8,-96.667,46.0,93,100,5.01
395,Ati,TD,2021-04-08 01:59:23,13.2154,18.3353,83.28,14,96,12.5
396,Rawson,AR,2021-04-08 01:59:06,-43.3002,-65.1023,65.03,46,0,9.19
397,Shache,CN,2021-04-08 01:59:24,38.4167,77.2406,47.55,65,100,3.15
398,Bull Savanna,JM,2021-04-08 01:59:24,17.8868,-77.5902,74.62,84,67,4.34
399,Huanren,CN,2021-04-08 01:59:25,41.2647,125.3667,49.84,22,0,8.61
400,Saint George,US,2021-04-08 01:59:25,37.1041,-113.5841,78.8,7,1,10.36
401,Kambam,ID,2021-04-08 01:59:26,5.2505,96.8629,79.92,78,100,2.53
402,Comodoro Rivadavia,AR,2021-04-08 01:59:26,-45.8667,-67.5,62.6,45,0,18.41
403,Meadow Lake,US,2021-04-08 01:59:26,34.8014,-106.5436,68.0,6,40,16.11
404,San Quintin,MX,2021-04-08 01:59:27,30.4833,-115.95,62.92,75,8,12.62
405,Mocuba,MZ,2021-04-08 01:59:27,-16.8392,36.9856,66.42,96,76,3.85
406,Gat,IL,2021-04-08 01:55:04,31.61,34.7642,61.0,48,6,5.59
407,Ryotsu,JP,2021-04-08 01:59:28,38.0833,138.4333,51.8,46,20,6.91
408,Piquete,BR,2021-04-08 01:59:28,-22.6136,-45.1761,68.0,77,75,4.61
409,Alexandria,EG,2021-04-08 01:59:28,31.2156,29.9553,60.8,82,20,4.61
410,Mancio Lima,BR,2021-04-08 01:59:29,-7.6142,-72.8958,73.44,99,100,2.75
411,Kavaratti,IN,2021-04-08 01:59:29,10.5669,72.642,83.03,73,65,9.78
412,Namibe,AO,2021-04-08 01:59:30,-15.1961,12.1522,78.37,82,72,5.57
413,Tucuma,BR,2021-04-08 01:59:30,-0.1833,-50.05,75.79,91,100,4.81
414,Namatanai,PG,2021-04-08 01:59:30,-3.6667,152.4333,77.65,92,100,15.48
415,Severobaykalsk,RU,2021-04-08 01:59:31,55.65,109.3167,32.47,86,100,1.86
416,Neryungri,RU,2021-04-08 01:59:31,56.6709,124.6491,21.24,84,84,5.46
417,Yerkoy,TR,2021-04-08 01:59:32,39.6381,34.4672,51.15,51,41,3.36
418,Visina,RO,2021-04-08 01:59:32,44.5833,25.3333,39.0,100,0,4.61
419,Saint-Hyacinthe,CA,2021-04-08 01:59:32,45.6168,-72.9491,48.99,81,79,7.4
420,Werda,BW,2021-04-08 01:59:33,-25.2667,23.2833,64.56,54,5,5.66
421,Kampene,CD,2021-04-08 01:59:10,-3.6,26.6667,68.54,99,100,1.32
422,Hofn,IS,2021-04-08 01:59:34,64.2539,-15.2082,26.56,69,100,18.41
423,Hamilton,US,2021-04-08 01:59:34,39.1834,-84.5333,73.4,53,1,4.61
424,Tukrah,LY,2021-04-08 01:59:34,32.5341,20.5791,57.9,49,100,4.85
425,Tessalit,ML,2021-04-08 01:59:35,20.1986,1.0114,78.19,12,100,8.61
426,Kaoma,ZM,2021-04-08 01:59:35,-14.7833,24.8,58.17,90,10,5.21
427,Sahuaripa,MX,2021-04-08 01:59:36,29.05,-109.2333,79.72,10,27,4.52
428,Antalaha,MG,2021-04-08 01:59:36,-14.9003,50.2788,73.69,92,100,6.76
429,Erenhot,CN,2021-04-08 01:59:36,43.6475,111.9767,47.61,31,0,10.96
430,Ola,RU,2021-04-08 01:59:37,59.5833,151.2833,21.94,64,3,4.76
431,Berlevag,NO,2021-04-08 01:59:37,70.8578,29.0864,27.79,77,35,11.27
432,Bengkulu,ID,2021-04-08 01:59:38,-3.8004,102.2655,80.51,73,71,4.12
433,Bhayavadar,IN,2021-04-08 01:59:38,21.85,70.25,76.44,70,0,4.97
434,Lagos,NG,2021-04-08 01:59:38,6.5833,3.75,79.21,89,76,3.67
435,Eydhafushi,MV,2021-04-08 01:59:39,5.1033,73.0708,82.31,73,49,7.07
436,Opuwo,NA,2021-04-08 01:59:39,-18.0607,13.84,68.97,59,11,5.79
437,Sechura,PE,2021-04-08 01:59:40,-5.5569,-80.8222,75.27,68,99,16.6
438,Conceicao Do Araguaia,BR,2021-04-08 01:59:40,-8.2578,-49.2647,74.7,90,56,1.86
439,Deputatskiy,RU,2021-04-08 01:59:41,69.3,139.9,-0.26,89,73,2.91
440,Gornopravdinsk,RU,2021-04-08 01:59:41,60.05,69.9,33.28,90,100,3.76
441,Ambilobe,MG,2021-04-08 01:59:42,-13.2,49.05,71.64,96,63,3.74
442,El Alto,PE,2021-04-08 01:59:42,-4.2714,-81.2147,71.53,76,99,12.03
443,Sisimiut,GL,2021-04-08 01:59:43,66.9395,-53.6735,28.71,63,100,13.82
444,Galle,LK,2021-04-08 01:59:43,6.0367,80.217,78.01,78,12,3.78
445,Sabang,ID,2021-04-08 01:59:43,5.8933,95.3214,82.24,73,98,9.95
446,Bilibino,RU,2021-04-08 01:59:44,68.0546,166.4372,2.05,75,51,2.15
447,Bubaque,GW,2021-04-08 01:59:44,11.2833,-15.8333,77.05,77,15,11.54
448,Kinkala,CG,2021-04-08 01:59:44,-4.3614,14.7644,77.0,94,100,2.3
449,Te Anau,NZ,2021-04-08 01:59:45,-45.4167,167.7167,64.44,45,4,2.86
450,Taoudenni,ML,2021-04-08 01:59:43,22.6783,-3.9836,80.85,15,0,10.54
451,Benguela,AO,2021-04-08 01:59:45,-12.5763,13.4055,79.57,85,56,3.18
452,Turukhansk,RU,2021-04-08 01:59:46,65.8167,87.9833,31.06,97,100,4.32
453,Borisovka,RU,2021-04-08 01:59:46,50.6236,35.9903,35.6,87,75,13.42
454,Dwarka,IN,2021-04-08 01:59:46,22.2394,68.9678,79.61,66,0,13.04
455,Urengoy,RU,2021-04-08 01:59:47,65.9667,78.3667,12.54,93,35,6.76
456,Grand Gaube,MU,2021-04-08 01:59:47,-20.0064,57.6608,79.0,74,97,5.01
457,Kanigiri,IN,2021-04-08 01:59:48,15.4,79.5167,78.39,64,8,5.82
458,Kyshtovka,RU,2021-04-08 01:59:48,56.555,76.6271,32.27,96,100,5.1
459,Pacific Grove,US,2021-04-08 01:59:48,36.6177,-121.9166,55.0,78,95,1.99
460,Talalayivka,UA,2021-04-08 01:59:49,50.9578,31.9209,30.74,82,86,10.74
461,Codrington,AU,2021-04-08 01:59:49,-38.2667,141.9667,77.41,30,100,12.3
462,Asau,RO,2021-04-08 01:59:50,46.4333,26.4,33.8,69,12,2.3
463,Voskresenskoye,RU,2021-04-08 01:59:50,56.8381,45.4317,36.39,90,100,15.66
464,Camacha,PT,2021-04-08 01:59:51,33.0833,-16.3333,64.4,88,40,5.75
465,Honiara,SB,2021-04-08 01:59:51,-9.4333,159.95,82.42,79,100,8.59
466,Filadelfia,US,2021-04-08 01:55:26,39.9523,-75.1638,60.8,51,40,8.05
467,Verkhnevilyuysk,RU,2021-04-08 01:59:51,63.4453,120.3167,23.81,95,100,9.57
468,Shelbyville,US,2021-04-08 01:59:30,35.4834,-86.4603,71.6,60,90,4.61
469,Avera,US,2021-04-08 01:59:52,33.194,-82.5271,69.8,52,1,3.44
470,Rio Gallegos,AR,2021-04-08 01:59:53,-51.6226,-69.2181,51.8,62,75,4.61
471,Inhambane,MZ,2021-04-08 01:59:53,-23.865,35.3833,71.13,85,8,4.52
472,Noshiro,JP,2021-04-08 01:59:54,40.2039,140.0242,44.6,45,75,13.8
473,Skelleftea,SE,2021-04-08 01:59:54,64.7507,20.9528,26.6,68,14,5.75
474,Erdenet,MN,2021-04-08 01:58:05,49.0333,104.0833,47.8,25,13,3.85
475,Prince George,CA,2021-04-08 01:59:55,53.9166,-122.753,43.0,45,20,11.5
476,Port Hedland,AU,2021-04-08 01:59:55,-20.3167,118.5667,89.6,51,6,10.36
477,Haines Junction,CA,2021-04-08 01:59:55,60.7522,-137.5108,23.0,23,55,6.91
478,Ternate,ID,2021-04-08 01:59:56,0.8,127.4,84.36,69,51,1.7
479,Kharan,PK,2021-04-08 01:59:57,28.5833,65.4167,68.29,12,0,3.33
480,La Bruyere,BE,2021-04-08 01:59:57,50.3948,4.6144,32.0,69,0,6.91
481,Van Wert,US,2021-04-08 01:59:57,40.8695,-84.5841,69.01,49,40,5.75
482,Batagay,RU,2021-04-08 01:59:58,67.6333,134.6333,3.94,82,67,1.1
483,Taft,IR,2021-04-08 01:59:58,31.7471,54.2088,57.2,23,3,4.61
484,Coolum Beach,AU,2021-04-08 01:59:59,-26.5333,153.1,81.0,78,19,9.28
485,Mersing,MY,2021-04-08 01:59:59,2.4312,103.8405,80.6,83,20,5.75
486,Flinders,AU,2021-04-08 02:00:00,-34.5833,150.8552,80.01,57,40,5.75
487,Griffith,US,2021-04-08 01:59:55,41.5284,-87.4237,72.0,56,1,11.5
488,Sharan,RU,2021-04-08 02:00:00,54.8167,54.0,31.55,98,80,4.41
489,Vao,NC,2021-04-08 02:00:01,-22.6667,167.4833,76.35,76,51,17.11
490,Ambala,IN,2021-04-08 02:00:01,30.3783,76.7808,72.12,24,0,7.63
491,Conceicao Da Barra,BR,2021-04-08 02:00:02,-18.5933,-39.7322,71.8,89,100,7.27
492,Carbonia,IT,2021-04-08 02:00:02,39.1672,8.5222,39.99,93,0,6.91
493,Baykit,RU,2021-04-08 02:00:04,61.67,96.37,32.9,87,97,5.3
494,Riverbank,US,2021-04-08 02:00:06,37.736,-120.9355,69.8,26,77,12.66
495,Selenduma,RU,2021-04-08 02:00:08,50.9131,106.2406,50.67,29,53,2.62
496,Mount Gambier,AU,2021-04-08 02:00:09,-37.8333,140.7667,69.8,52,100,10.36
497,Hohoe,GH,2021-04-08 02:00:10,7.1518,0.4736,76.17,91,87,4.59
498,Bonavista,CA,2021-04-08 02:00:11,48.6499,-53.1147,39.99,100,90,3.44
499,Yomou,GN,2021-04-08 02:00:11,7.5603,-9.2653,71.28,98,100,2.93
500,Kudahuvadhoo,MV,2021-04-08 02:00:12,2.6708,72.8944,81.93,70,28,6.93
501,Chekalin,RU,2021-04-08 02:00:13,54.0969,36.245,33.8,100,100,8.95
502,Nhulunbuy,AU,2021-04-08 02:00:13,-12.2333,136.7667,86.0,54,20,6.91
503,Dovolnoye,RU,2021-04-08 02:00:13,54.4958,79.6671,25.86,96,18,5.86
504,Talnakh,RU,2021-04-08 02:00:14,69.4865,88.3972,5.18,94,84,0.98
505,Valparaiso,CL,2021-04-08 02:00:15,-33.0393,-71.6273,61.0,76,30,9.13
506,Zaozerne,UA,2021-04-08 02:00:15,45.1582,33.2787,43.0,61,99,11.74
507,Muroto,JP,2021-04-08 02:00:16,33.2833,134.15,64.4,34,75,2.3
508,Birin,NP,2021-04-08 02:00:16,26.8865,88.0718,68.23,38,0,5.03
509,Dom Pedrito,BR,2021-04-08 01:57:37,-30.9828,-54.6731,65.5,70,0,7.92
510,Parambu,BR,2021-04-08 02:00:17,-6.2111,-40.6944,70.36,73,95,1.41
511,Livingston,GB,2021-04-08 02:00:18,55.9029,-3.5226,39.0,81,75,8.05
512,Ambon,ID,2021-04-08 02:00:18,-3.6954,128.1814,89.6,66,20,5.75
513,Cockburn Town,TC,2021-04-08 02:00:19,21.4612,-71.1419,73.54,65,100,16.15
514,Ishinomaki,JP,2021-04-08 02:00:19,38.4167,141.3,57.2,18,20,14.97
515,Ballina,AU,2021-04-08 02:00:20,-28.8667,153.5667,71.6,88,90,11.5
516,Miles City,US,2021-04-08 02:00:20,46.4083,-105.8406,62.6,25,1,5.75
517,Doha,QA,2021-04-08 01:57:55,25.2867,51.5333,73.4,33,0,4.61
518,High Rock,BS,2021-04-08 02:00:21,26.6208,-78.2833,68.0,52,0,2.3
519,Krasnoarmeysk,RU,2021-04-08 02:00:22,51.0239,45.6969,38.34,81,0,11.61
520,Qasigiannguit,GL,2021-04-08 02:00:22,68.8193,-51.1922,17.6,62,75,2.3
521,Constitucion,CL,2021-04-08 02:00:23,-35.3333,-72.4167,54.72,85,43,6.82
522,Semnan,IR,2021-04-08 02:00:24,35.5729,53.3971,62.24,24,100,2.44
523,Funadhoo,MV,2021-04-08 02:00:24,6.15,73.2667,82.13,75,14,8.14
524,Honavar,IN,2021-04-08 02:00:25,14.2833,74.45,82.26,76,10,4.61
525,Anapskaya,RU,2021-04-08 02:00:25,44.89,37.38,50.0,81,64,4.47
526,Manaus,BR,2021-04-08 02:00:20,-3.1019,-60.025,80.6,89,0,4.61
527,Petropavlovsk-Kamchatskiy,RU,2021-04-08 02:00:26,53.0452,158.6483,35.6,55,20,6.71
528,Quelimane,MZ,2021-04-08 02:00:27,-17.8786,36.8883,75.2,88,20,5.75
529,Dori,BF,2021-04-08 02:00:27,14.0354,-0.0345,82.87,8,7,10.07
530,Kindu,CD,2021-04-08 02:00:28,-2.95,25.95,70.03,99,100,1.43
531,Malaya Vishera,RU,2021-04-08 02:00:28,58.8454,32.2222,29.1,96,100,4.03
532,Saint Anthony,US,2021-04-08 02:00:29,45.0205,-93.218,64.4,82,20,10.36
533,Windhoek,NA,2021-04-08 02:00:30,-22.5594,17.0832,61.0,88,0,6.91
534,Jumla,NP,2021-04-08 02:00:30,29.2747,82.1838,51.58,51,1,2.55
535,Grand-Santi,GF,2021-04-08 02:00:31,4.25,-54.3833,71.44,99,100,1.86
536,Broome,US,2021-04-08 02:00:31,42.2506,-75.833,57.2,44,1,5.75
537,Isangel,VU,2021-04-08 02:00:32,-19.55,169.2667,86.0,70,40,11.5
538,San Vicente,AR,2021-04-08 02:00:33,-26.6167,-54.1333,65.05,69,0,4.47
539,Moerai,PF,2021-04-08 02:00:33,-22.4333,-151.3333,78.46,71,85,14.38
540,Maldonado,UY,2021-04-08 01:56:26,-34.6667,-54.9167,69.8,83,0,6.91
541,Solnechnyy,RU,2021-04-08 02:00:34,50.7214,136.6319,28.58,87,100,8.86
542,Bejar,ES,2021-04-08 01:59:01,40.3864,-5.7634,55.0,66,100,4.0
543,Shimoda,JP,2021-04-08 02:00:35,34.6667,138.95,59.0,72,75,13.8
544,Morondava,MG,2021-04-08 02:00:36,-20.2833,44.2833,74.88,82,11,5.3
545,Muros,ES,2021-04-08 02:00:36,42.7762,-9.0603,50.0,79,100,1.99
546,Tahlequah,US,2021-04-08 02:00:37,35.9154,-94.97,54.0,58,90,14.97
